{"5": {"avg_precision_at_k": 0.64, "avg_ndcg_at_k": 0.6968762754202195, "avg_latency_ms": 16.806888580322266, "throughput_qps": 59.49941270931097, "total_queries": 10}, "10": {"avg_precision_at_k": 0.62, "avg_ndcg_at_k": 0.7086113253900574, "avg_latency_ms": 17.035746574401855, "throughput_qps": 58.70009838621417, "total_queries": 10}, "20": {"avg_precision_at_k": 0.615, "avg_ndcg_at_k": 0.7406285415486817, "avg_latency_ms": 16.907048225402832, "throughput_qps": 59.14693012453235, "total_queries": 10}, "50": {"avg_precision_at_k": 0.6, "avg_ndcg_at_k": 0.7426852715527903, "avg_latency_ms": 16.606760025024414, "throughput_qps": 60.21644188831047, "total_queries": 10}, "100": {"avg_precision_at_k": 0.579, "avg_ndcg_at_k": 0.7445909494563129, "avg_latency_ms": 16.346240043640137, "throughput_qps": 61.17614799062442, "total_queries": 10}}