{"5": {"avg_precision_at_k": 0.6, "avg_ndcg_at_k": 0.6344712234198358, "avg_latency_ms": 37.93609142303467, "throughput_qps": 26.360122049706032, "total_queries": 10}, "10": {"avg_precision_at_k": 0.6, "avg_ndcg_at_k": 0.6462062733896736, "avg_latency_ms": 38.72823715209961, "throughput_qps": 25.82095322523055, "total_queries": 10}, "20": {"avg_precision_at_k": 0.6050000000000001, "avg_ndcg_at_k": 0.678626559568986, "avg_latency_ms": 44.33257579803467, "throughput_qps": 22.5567764110005, "total_queries": 10}, "50": {"avg_precision_at_k": 0.5860000000000001, "avg_ndcg_at_k": 0.6885177840022974, "avg_latency_ms": 38.227176666259766, "throughput_qps": 26.159399861790586, "total_queries": 10}, "100": {"avg_precision_at_k": 0.566, "avg_ndcg_at_k": 0.6927641867487111, "avg_latency_ms": 32.4800968170166, "throughput_qps": 30.788085566176374, "total_queries": 10}, "estimated_memory_usage_MB": 232.576171875}