{"5": {"avg_precision_at_k": 0.6, "avg_ndcg_at_k": 0.6344712234198358, "avg_latency_ms": 26.239371299743652, "throughput_qps": 38.11066921446283, "total_queries": 10}, "10": {"avg_precision_at_k": 0.6, "avg_ndcg_at_k": 0.6462062733896736, "avg_latency_ms": 25.37674903869629, "throughput_qps": 39.40615082235822, "total_queries": 10}, "20": {"avg_precision_at_k": 0.6050000000000001, "avg_ndcg_at_k": 0.678626559568986, "avg_latency_ms": 35.50901412963867, "throughput_qps": 28.161863248276436, "total_queries": 10}, "50": {"avg_precision_at_k": 0.5860000000000001, "avg_ndcg_at_k": 0.6885177840022974, "avg_latency_ms": 28.88624668121338, "throughput_qps": 34.618550863874106, "total_queries": 10}, "100": {"avg_precision_at_k": 0.566, "avg_ndcg_at_k": 0.6927641867487111, "avg_latency_ms": 26.795673370361328, "throughput_qps": 37.31945774149118, "total_queries": 10}, "estimated_memory_usage_MB": 174.3310546875}