{"5": {"avg_precision_at_k": 0.78, "avg_ndcg_at_k": 0.893246187119699, "avg_latency_ms": 21.759724617004395, "throughput_qps": 45.95646395352532, "total_queries": 10}, "10": {"avg_precision_at_k": 0.77, "avg_ndcg_at_k": 0.9133869213336251, "avg_latency_ms": 19.347786903381348, "throughput_qps": 51.68549793285315, "total_queries": 10}, "20": {"avg_precision_at_k": 0.805, "avg_ndcg_at_k": 0.8973510264406137, "avg_latency_ms": 19.10698413848877, "throughput_qps": 52.33688334861899, "total_queries": 10}, "50": {"avg_precision_at_k": 0.8219999999999998, "avg_ndcg_at_k": 0.9130971992149819, "avg_latency_ms": 18.723607063293457, "throughput_qps": 53.40851239932512, "total_queries": 10}, "100": {"avg_precision_at_k": 0.8089999999999999, "avg_ndcg_at_k": 0.923434946855212, "avg_latency_ms": 22.815585136413574, "throughput_qps": 43.82968896134092, "total_queries": 10}}