{"5": {"avg_precision_at_k": 0.6, "avg_ndcg_at_k": 0.6344712234198358, "avg_latency_ms": 17.895984649658203, "throughput_qps": 55.87845651281887, "total_queries": 10}, "10": {"avg_precision_at_k": 0.6, "avg_ndcg_at_k": 0.6462062733896736, "avg_latency_ms": 17.82374382019043, "throughput_qps": 56.10493564585557, "total_queries": 10}, "20": {"avg_precision_at_k": 0.6050000000000001, "avg_ndcg_at_k": 0.678223489548298, "avg_latency_ms": 17.48054027557373, "throughput_qps": 57.206469836481006, "total_queries": 10}, "50": {"avg_precision_at_k": 0.5860000000000001, "avg_ndcg_at_k": 0.6881147139816094, "avg_latency_ms": 17.549800872802734, "throughput_qps": 56.98070349901914, "total_queries": 10}, "100": {"avg_precision_at_k": 0.566, "avg_ndcg_at_k": 0.6923611167280233, "avg_latency_ms": 17.569589614868164, "throughput_qps": 56.91652576527773, "total_queries": 10}}